name,website,domain,cohort,state,sector
AGIRH Vagas,http://www.agirhvagas.com.br,agirhvagas.com.br,2025.1,Ceará,Recursos Humanos
ARANDU I PLATAFORMA DE GESTAO EM BIM,https://sites.google.com/view/aranduplataformabim/p%C3%A1gina-inicial,sites.google.com,2025.1,Sergipe,Construção civil
ByLab,https://globalteceducacional.com.br/,globalteceducacional.com.br,2025.1,Maranhão,Educação
ClassBuild,https://classbuild.com.br,classbuild.com.br,2025.1,Rio Grande do Norte,Educação
Coligo Tecnologia Ltda,http://www.coligo.com.br,coligo.com.br,2025.1,Rio Grande do Sul,Tecnologia da Informação e Comunicação
Cotus Tecnologia,http://www.cotus.com.br,cotus.com.br,2025.1,Sergipe,Construção civil
CP goiania Eirelli,https://www.desler.com.br,desler.com.br,2025.1,Goiás,Tecnologia da Informação e Comunicação
DokBot,https://dokbot.ia,dokbot.ia,2025.1,Sergipe,Tecnologia da Informação e Comunicação
Eficiência Energética - Reuso da água potável,https://comagua.ind.br/,comagua.ind.br,2025.1,São Paulo,Tecnologias Sustentáveis e Verdes
Estagiário,https://oestagiario.dev/,oestagiario.dev,2025.1,Santa Catarina,Varejo
EvoluMap Soluções Geoespaciais,https://www.evolumap.com/,evolumap.com,2025.1,Paraná,Agricultura
Exhibida Beauty - Beleza Inteligente,http://www.exhibida.com,exhibida.com,2025.1,Piauí,Cosméticos
eyllo,https://eyllo.com.br,eyllo.com.br,2025.1,Rio de Janeiro,Óleo e Gás
Goat,https://ibex.wmd.com.br/gestor/#/login,ibex.wmd.com.br,2025.1,Mato Grosso,Tecnologia da Informação e Comunicação
HEY PEOPLE,https://heypeople.com.br,heypeople.com.br,2025.1,Bahia,Tecnologia da Informação e Comunicação
Hipocampus EdTech,https://hiplade.com.br/,hiplade.com.br,2025.1,São Paulo,Educação
Immo 360,https://immo360.com.br,immo360.com.br,2025.1,Paraíba,Mercado Imobiliário
Linkeme,http://www.linkeme.app,linkeme.app,2025.1,São Paulo,Varejo
Marelo Logística Internacional e Tecnologia Ltda.,https://marelo.digital,marelo.digital,2025.1,São Paulo,Serviços Logísticos
Neo Negócios & Carreira,http://www.neonegociosecarreira.com.br,neonegociosecarreira.com.br,2025.1,São Paulo,Recursos Humanos
Niul,http://www.niul.com.br,niul.com.br,2025.1,São Paulo,Cosméticos
Planeta Pós Pandemia,https://www.instagram.com/planetapospandemia/,instagram.com,2025.1,São Paulo,Marketing e Mídia
PNP - Pay and Party,https://www.paynparty.com.br/,paynparty.com.br,2025.1,São Paulo,Tecnologia da Informação e Comunicação
Preço da Obra,http://www.precodaobra.com,precodaobra.com,2025.1,Ceará,Construção civil
ProbY: Plataforma Inteligente de Problemas Globais,https://proby.online,proby.online,2025.1,Rio Grande do Sul,Tecnologia da Informação e Comunicação
Proregistro,https://www.linkedin.com/company/proregistro/posts/?feedView=all,linkedin.com,2025.1,Santa Catarina,Setor Público
ReeferSys,http://www.reefersys.com.br,reefersys.com.br,2025.1,São Paulo,Serviços Logísticos
RICARDO PADUAN PEREIRA DE ARAÚJO,https://web.rastreamed.com.br/,web.rastreamed.com.br,2025.1,Minas Gerais,Saúde
SEALS Solutions,https://seals-solutions.com.br/,seals-solutions.com.br,2025.1,Rio de Janeiro,Serviços Logísticos
Sidkron Cyber Security,https://sidkron.com.br,sidkron.com.br,2025.1,Goiás,Setor financeiro
Smart Staff - Be Bossy,http://smartstaff.bebossy.com.br,smartstaff.bebossy.com.br,2025.1,São Paulo,Marketing e Mídia
Sparta,https://gosparta.com.br,gosparta.com.br,2025.1,São Paulo,Educação
Starket,http://www.starket.com.br,starket.com.br,2025.1,Bahia,Educação
TECFUEL,http://www.twcfuel.com.br,twcfuel.com.br,2025.1,Espírito Santo,Serviços Logísticos
THE Clientes,https://theclientes.com.br/,theclientes.com.br,2025.1,Piauí,Varejo
THEDSCAN,http://www.healthfultech.com.br,healthfultech.com.br,2025.1,Minas Gerais,Saúde
Winntech,https://winnwith.us/,winnwith.us,2025.1,Paraná,Tecnologia da Informação e Comunicação
Work resíduos,https://www.instagram.com/workresiduos?igsh=dTYzZHVzdjExcXNw,instagram.com,2025.1,Maranhão,Setor Público
Yaguareté: The Game,https://www.instagram.com/yaguarete.thegame/,instagram.com,2025.1,São Paulo,Tecnologia da Informação e Comunicação
AcessIA,https://acessia.com.br/,acessia.com.br,2025.1,Minas Gerais,Educação
Amari Tecnologia,https://www.instagram.com/amaritecnologia/,instagram.com,2025.1,Amapá,Preservação Ambiental
BLUEC,https://bluecocean.com/,bluecocean.com,2025.1,Rio Grande do Norte,Outros
Fipo Biopelle,https://fipobiopellet.com/,fipobiopellet.com,2025.1,Amazonas,Preservação Ambiental
GERADOR DE ENERGIA OFFGRID PORAQUÊ,http://poraque.com,poraque.com,2025.1,Amapá,Energia
INFRACITIES,https://infracities.com/,infracities.com,2025.1,Santa Catarina,Infraestrutura
LIBRAS.SE,https://www.libras.se/,libras.se,2025.1,Distrito Federal,Acessibilidade
LUCES LATAM ACADEMY: Universidade Corporativa,https://luces.academy/,luces.academy,2025.1,Santa Catarina,Educação
Nora Biotecnologia,http://www.norabiotecnologia.com.br,norabiotecnologia.com.br,2025.1,Rio Grande do Sul,Tecnologias Sustentáveis e Verdes
Start - industria de economia circular,http://www.startsolucoes.eco.br,startsolucoes.eco.br,2025.1,Bahia,Construção civil
Sucão da Rainha,http://sucaodarainha.com.br,sucaodarainha.com.br,2025.1,Rio de Janeiro,Alimentos (Indústria da Transformação)
Virdia,https://instagram.com/virdia.br,instagram.com,2025.1,Distrito Federal,Tecnologias Sustentáveis e Verdes
ZeroWasteX,http://www.zerowastex.com.br,zerowastex.com.br,2025.1,Santa Catarina,Gestão Pública
A Utilização de Agrominerais na Avicultura Paranaense,https://www.instagram.com/agromagnolia/,instagram.com,2024.2,Paraná,Pecuária
Academia da Respiração,http://academiadarespiracao.com.br,academiadarespiracao.com.br,2024.2,Distrito Federal,Saúde
ACES Arquitetura e Interiores,http://aces.arq.br,aces.arq.br,2024.2,Santa Catarina,Acessibilidade
agendUp,https://www.agendup.com.br,agendup.com.br,2024.2,Distrito Federal,Saúde
AGREGAMAIS,https://agregamaisamazonia.com/,agregamaisamazonia.com,2024.2,Amazonas,Agricultura
AgroSinc,https://agrosinc.app.br,agrosinc.app.br,2024.2,Alagoas,Agronegócio
AMIGA PET,http://www.amigapet.com.br,amigapet.com.br,2024.2,São Paulo,Pet
AmplyCode,http://amplycode.tech,amplycode.tech,2024.2,Minas Gerais,Agronegócio
Aqui Brasil,http://www.aquibrasil.com.br,aquibrasil.com.br,2024.2,Bahia,Cosméticos
AYA SAÚDE,http://www.ayasaude.com.br,ayasaude.com.br,2024.2,Ceará,Saúde
Bespoke,https://bespokestore.com.br/pages/quem-somos,bespokestore.com.br,2024.2,Pernambuco,Vestuário
BID365 Leilões Virtuais,https://leilao.bid365.app/,leilao.bid365.app,2024.2,Tocantins,Agronegócio
Bodymetrycs,http://bodymetrycs.com,bodymetrycs.com,2024.2,Minas Gerais,Saúde
Cangaço Tech,http://cangacotech.com,cangacotech.com,2024.2,Paraíba,Marketing e Mídia
Cãomigo,http://www.caomigo.com.br,caomigo.com.br,2024.2,Paraná,Pet
Carimbado,https://www.carimbado.com/,carimbado.com,2024.2,Rio Grande do Sul,Tecnologia da Informação e Comunicação
carristas,http://www.carristas.com.br,carristas.com.br,2024.2,Distrito Federal,Automóveis
ComPre - Comercialização de Precatórios,http://www.comprecatorios.com.br,comprecatorios.com.br,2024.2,Distrito Federal,Setor financeiro
Conexia - Mentoria Gestão e Compartilhamento do Conhecimento,https://conexia.club,conexia.club,2024.2,São Paulo,Recursos Humanos
Cool Tea Company,https://www.instagram.com/coolteacompany/?hl=pt-br,instagram.com,2024.2,Rio Grande do Sul,Saúde
Cris+club,http://www.crisclub.com,crisclub.com,2024.2,Rio de Janeiro,Tecnologias Sustentáveis e Verdes
Data4Company,https://www.data4company.com.br/,data4company.com.br,2024.2,Rio Grande do Sul,Tecnologia da Informação e Comunicação
DesenvolveX: Startup com foco em inovação social.,https://desenvolvex.com/,desenvolvex.com,2024.2,Rio Grande do Sul,Outros serviços
DIligo,http://www.diligo.com.br,diligo.com.br,2024.2,Santa Catarina,Varejo
Dinda Shop,http://www.dindashop.com.br/,dindashop.com.br,2024.2,São Paulo,Eventos
DocMap,http://www.doc-map.com,doc-map.com,2024.2,São Paulo,Saúde
Drivesafe,http://drivesafebr.com.br,drivesafebr.com.br,2024.2,Paraíba,Automóveis
Dupeixe,http://www.dupeixe.com,dupeixe.com,2024.2,São Paulo,Pesca
Eco Sustenta Brasil,https://www.instagram.com/ecosustentabrasil?igsh=c2cxc3hlMDEwMHlj,instagram.com,2024.2,Bahia,Preservação Ambiental
e-Lainer,https://leadingpage.webflow.io/,leadingpage.webflow.io,2024.2,Santa Catarina,Educação
EmotionApp,https://www.instagram.com/emotionappbrasil/,instagram.com,2024.2,Ceará,Educação
EvoluMap Soluções Geoespaciais,https://www.instagram.com/evolumap,instagram.com,2024.2,Paraná,Tecnologias Sustentáveis e Verdes
eyllo,https://eyllo.com.br,eyllo.com.br,2024.2,Rio de Janeiro,Óleo e Gás
Firmeza Token,http://www.firmezatoken.com.br,firmezatoken.com.br,2024.2,Rio de Janeiro,Setor financeiro
FisioNext,http://www.fisionext.com.br,fisionext.com.br,2024.2,Rio Grande do Sul,Saúde
Forpy,https://forpy.com.br,forpy.com.br,2024.2,Bahia,Alimentício
Gaksa Marketing,https://gaksa.com.br,gaksa.com.br,2024.2,São Paulo,Marketing e Mídia
Game Levy,http://gamelevy.com.br,gamelevy.com.br,2024.2,Alagoas,Gestão Pública
Glace:lenço umedecido que diminui em -3ºC a sensação térmica,https://salutbio.com.br/inovacao,salutbio.com.br,2024.2,Bahia,Cosméticos
Go braids app / more ninety,http://Www.gobraids.com.br,gobraids.com.br,2024.2,Minas Gerais,Outros serviços
Harmonize Cosmética Natural e Vegana,http://www.harmonizecosmetica.com,harmonizecosmetica.com,2024.2,Rio de Janeiro,Cosméticos
Hoope Diagnostic,https://www.instagram.com/hoope.es?igsh=czY1NnhlMjQzYXNp,instagram.com,2024.2,Espírito Santo,Saúde
HRV4Life Saúde e Performance,https://hrv4life.com/site/,hrv4life.com,2024.2,Rio de Janeiro,Saúde
Ideation Partner,http://ideationpartner.com.br,ideationpartner.com.br,2024.2,São Paulo,N/A
iLace,http://ilace.com.br,ilace.com.br,2024.2,Minas Gerais,Comércio Eletrônico
Indique Aí - Programa de Indicação e Automação de Marketing,https://indiqueai.com.br,indiqueai.com.br,2024.2,Distrito Federal,Tecnologia da Informação e Comunicação
Informantia,https://informantia.perceptus.ai/,informantia.perceptus.ai,2024.2,São Paulo,Tecnologia da Informação e Comunicação
INMI,http://www.inmiead.com.br,inmiead.com.br,2024.2,Rio Grande do Sul,Educação
Inovabee,http://www.inovabeebrazil.com,inovabeebrazil.com,2024.2,Rio Grande do Sul,Agronegócio
IQuirium,https://iquirium.com.br/,iquirium.com.br,2024.2,Rio de Janeiro,Educação
Jon Mobilidade,http://jonmobilidade.com,jonmobilidade.com,2024.2,Sergipe,Mobilidade Urbana
K.Rose Cosméticos,https://www.instagram.com/k.rose_cosmetic/,instagram.com,2024.2,Sergipe,Cosméticos
Kenzo - Descobrindo Tesouros nos Dados(BTO),http://www.marcelofabiano.com.br/portifolio_solucoes_kenzo.html,marcelofabiano.com.br,2024.2,Rio de Janeiro,Automóveis
Kinma - Plataforma de Busca do Conhecimento Corporativo,http://kinma.com.br,kinma.com.br,2024.2,Goiás,Tecnologia da Informação e Comunicação
Labovitta Medicina Diagnóstica,https://instagram.com/labovitta?igshid=MzRlODBiNWFlZA==,instagram.com,2024.2,Distrito Federal,Saúde
LAMPAMAZON,https://instagram.com/lampamazon,instagram.com,2024.2,Amapá,Energia
Lezzes,https://instagram.com/lezzesapp,instagram.com,2024.2,Distrito Federal,Artes e Cultura
Linkeme,https://www.linkeme.app/,linkeme.app,2024.2,São Paulo,Varejo
Longevi360,http://longevi360.com.br/,longevi360.com.br,2024.2,Distrito Federal,Saúde
Lucro X,http://www.lucrox.com.br,lucrox.com.br,2024.2,Goiás,Outros serviços
Luxuryouz,http://www.luxuryouz.com.br,luxuryouz.com.br,2024.2,Amazonas,Comércio Eletrônico
MAEDUCA,https://maeduca.com/,maeduca.com,2024.2,Alagoas,Saúde
MAI,http://www.maipro.com.br,maipro.com.br,2024.2,Santa Catarina,Mercado Imobiliário
MEDLIBRAS,https://drive.google.com/drive/folders/19UmOtA5GzksChUILPTsunGlXRCX_50iX?usp=share_link,drive.google.com,2024.2,Paraná,Acessibilidade
Molde,https://moldeconsultoria.com.br/diagnosticos/,moldeconsultoria.com.br,2024.2,São Paulo,N/A
Mova movimento ambiental,https://fabricadesom.wixsite.com/mova,fabricadesom.wixsite.com,2024.2,Rondônia,Preservação Ambiental
Nano Insights,https://www.linkedin.com/company/nano-insights/,linkedin.com,2024.2,Pernambuco,Agronegócio
NOMIO,https://www.instagram.com/nomio.ai/,instagram.com,2024.2,Rio de Janeiro,Marketing e Mídia
Nunca Foi Velho,https://www.nuncafoivelho.com/,nuncafoivelho.com,2024.2,Espírito Santo,Vestuário
OffGluten,http://www.offgluten.com.br,offgluten.com.br,2024.2,Minas Gerais,Alimentício
passcloud,http://www.passcloud.com.br,passcloud.com.br,2024.2,Amazonas,Eventos
PG MARKETPLACE,http://www.pgmarketplace.com.br,pgmarketplace.com.br,2024.2,Espírito Santo,Outros serviços
PLATAFORMA DIDITAL JURISGAP BRASIL,http://www.jurisgapbrasil.com.br,jurisgapbrasil.com.br,2024.2,Bahia,Tecnologia da Informação e Comunicação
Plataforma Geo Bee,https://www.instagram.com/beeappam?igsh=d3Zrd3E1ZXZpaTQ4,instagram.com,2024.2,Maranhão,Agronegócio
Plataforma Recicla Aí - Biente,http://reciclaai.com,reciclaai.com,2024.2,Paraná,Preservação Ambiental
Portal da Eletromobilidade,http://www.portaldaeletromobilidade.com.br,portaldaeletromobilidade.com.br,2024.2,São Paulo,Mobilidade Urbana
PRISMA - Gestão Acadêmica,https://lvsistemas.com.br/,lvsistemas.com.br,2024.2,Goiás,Educação
Projeto Meu Crespinho - Alma Mater,http://www.amcosmeticos.com.br,amcosmeticos.com.br,2024.2,São Paulo,Cosméticos
Quality in Lab,http://qualityinlab.com.br,qualityinlab.com.br,2024.2,São Paulo,Agronegócio
QUICK AID K: UMA MEMBRANA HEMOSTÁTICA,https://www.instagram.com/quickaidk?utm_source=qr&igsh=MTU3ejBuNm1rNHhtcA==,instagram.com,2024.2,Sergipe,Saúde
Reciclo Social,https://reciclosocial.com.br/,reciclosocial.com.br,2024.2,São Paulo,Tecnologias Sustentáveis e Verdes
Repositor amazônico: Energia e hidratação,https://www.linkedin.com/company/103615487,linkedin.com,2024.2,Tocantins,Alimentos
Resolve Soluções em Serviços de Terceireização,https://sites.google.com/view/resolvesolues/home,sites.google.com,2024.2,São Paulo,Outros serviços
ReTrato,http://retrato.eco.br,retrato.eco.br,2024.2,Espírito Santo,Recursos naturais
Rolê Agora,http://www.roleagora.com.br,roleagora.com.br,2024.2,São Paulo,Tecnologia da Informação e Comunicação
ROS,http://www.pesquisasfarmaceuticas.com,pesquisasfarmaceuticas.com,2024.2,Goiás,Saúde
S.E.A. Startups Expert Academy,http://sea-academy.com.br,sea-academy.com.br,2024.2,São Paulo,Tecnologia da Informação e Comunicação
Sabl,https://www.sabl.online,sabl.online,2024.2,São Paulo,Educação
Safe on Orbit,http://safeonorbit.space,safeonorbit.space,2024.2,Distrito Federal,Aeronáutica e Espacial
ScienTV: Produção audiovisual e divulgação científica,https://www.scientv.com.br/,scientv.com.br,2024.2,Distrito Federal,Educação
Sentinela Web3,https://sentinelaweb3.com.br/,sentinelaweb3.com.br,2024.2,Mato Grosso,Setor financeiro
Seuddin,http://seuddin.com.br,seuddin.com.br,2024.2,Minas Gerais,Setor financeiro
Solo,https://cuidadosolo.singularidadeinfo.com.br/,cuidadosolo.singularidadeinfo.com.br,2024.2,Rio Grande do Sul,N/A
SpaceVR,https://www.spacevrgg.com.br/,spacevrgg.com.br,2024.2,Paraíba,Outros serviços
STARTHÁBIL,http://www.starthabil.com.br,starthabil.com.br,2024.2,Amazonas,Educação
TecnoBrain,https://www.instagram.com/tecnobrain_oficial?igsh=M2VxNTBjNm9oM2M2,instagram.com,2024.2,Piauí,Construção civil
Tocaí,http://tocai.app.br,tocai.app.br,2024.2,Goiás,Entretenimento e Games
Trip Amazon,https://www.instagram.com/trip_amazon?utm_source=ig_web_button_share_sheet&igsh=ZDNlZDc0MzIxNw==,instagram.com,2024.2,Acre,Turismo e Hotelaria
Troddi,https://troddi.com.br/,troddi.com.br,2024.2,São Paulo,Eventos
TSTR,https://www.tstr.com.br,tstr.com.br,2024.2,Minas Gerais,Tecnologia da Informação e Comunicação
UNIVERSO ÁGIL,https://www.universoagilhub.com/,universoagilhub.com,2024.2,São Paulo,Educação
URITHI YEYE,https://urithiyeye.mailchimpsites.com/,urithiyeye.mailchimpsites.com,2024.2,Rio de Janeiro,Outros serviços
VALIDARCROWD,https://linktr.ee/validarcrowd,linktr.ee,2024.2,N/A,Educação
VANKKA Tecnologia em Soluções Ambientais Ltda,https://vankka.com.br/,vankka.com.br,2024.2,Paraná,Agronegócio
Vê de Verdade,http://www.vedeverdade.com.br,vedeverdade.com.br,2024.2,São Paulo,Saúde
Vibecem,https://vibecem.com.br/,vibecem.com.br,2024.2,Pernambuco,Telecomunicações
Vibra Instituto Ltda,http://www.vibrainstituto.com.br,vibrainstituto.com.br,2024.2,Maranhão,N/A
Vibz,https://www.vibz.com.br,vibz.com.br,2024.2,Espírito Santo,N/A
Vinho de Kefir,http://www.boticaofir.com.br,boticaofir.com.br,2024.2,São Paulo,Varejo
Você.Inova,http://www.voceinova.com,voceinova.com,2024.2,Sergipe,Educação
Voy longe,https://www.instagram.com/melia.br/,instagram.com,2024.2,Rio Grande do Sul,Turismo e Hotelaria
VRtour°,https://vrtour360.com.br/,vrtour360.com.br,2024.2,Espírito Santo,Turismo e Hotelaria
Wealthy,https://www.instagram.com/wealthy.group?igsh=MTlvNHA3bG51djczdQ%3D%3D&utm_source=qr,instagram.com,2024.2,Rio Grande do Sul,Setor financeiro
WSaúde,https://wsaudebr.com.br,wsaudebr.com.br,2024.2,Alagoas,Saúde
XTR - Multiplique Tempo e Resultados,https://www.xtrbrasil.com.br,xtrbrasil.com.br,2024.2,Bahia,Outros serviços
YaMed - Saúde Digital,https://www.yamed.com.br/,yamed.com.br,2024.2,Paraná,Saúde
Young Market,http://www.youngmarket.net,youngmarket.net,2024.2,Rio Grande do Sul,Esportes e Recreação
Zandir,https://zandir.com.br,zandir.com.br,2024.2,Paraíba,Setor financeiro
Abraço,http://abraco.app.br,abraco.app.br,2024.2,Sergipe,Saúde
academia dos campeões,https://www.academiadoscampeoes.com.br,academiadoscampeoes.com.br,2024.2,Rio Grande do Sul,Educação
Achei Amazônia,https://acheiamazonia.com/,acheiamazonia.com,2024.2,Pará,Comércio Eletrônico
AgroESGP,http://www.AgroESGP.com,agroesgp.com,2024.2,Minas Gerais,Agronegócio
Almerindas - mulheres conectando as pessoas ao saneamento,https://www.linkedin.com/company/almerindas/?viewAsMember=true,linkedin.com,2024.2,Pernambuco,Saneamento
Arte da Rua,http://www.nearcomm.com.br,nearcomm.com.br,2024.2,São Paulo,Artes e Cultura
Aruanas,https://www.instagram.com/__aruanas?igsh=MW9qOTJvb2w2bXVuOA==,instagram.com,2024.2,Pará,Alimentos
Atualogic,http://www.atualogic.com,atualogic.com,2024.2,Paraná,Tecnologias Sustentáveis e Verdes
AUREA APIS,https://felipefgqr.wixsite.com/aureaapis,felipefgqr.wixsite.com,2024.2,Minas Gerais,N/A
BeFert Fertilizantes,http://www.befert.org,befert.org,2024.2,Minas Gerais,Agronegócio
Bioseller Amazonia,http://www.bioseller.com.br,bioseller.com.br,2024.2,Pará,Tecnologia da Informação e Comunicação
BioStrepto,https://www.instagram.com/biostrepto/,instagram.com,2024.2,Pará,Indústria Química
Bruaca Negócios Socioambientais,https://bruaca.com.br/,bruaca.com.br,2024.2,Mato Grosso do Sul,Artes e Cultura
Captse,https://conectividade.tech/captse-prototipo,conectividade.tech,2024.2,São Paulo,Setor financeiro
Comunidade Mães de Negócios,https://www.instagram.com/p/C0pF6fIAedP/?igsh=MXRyMjc3Ym1kZGdjaQ==,instagram.com,2024.2,Santa Catarina,Recursos Humanos
Cooperativa - Plataforma Salve Orixás - Educação patrimonial,https://www.youtube.com/@festivalsalveorixas,youtube.com,2024.2,Minas Gerais,Artes e Cultura
Cuia Tech,http://www.cuia.tech,cuia.tech,2024.2,Paraíba,Tecnologia da Informação e Comunicação
ECOMARIUA TURISMO LTDA,https://ecomariua.com.br/,ecomariua.com.br,2024.2,Amazonas,Turismo e Hotelaria
Escali | escolhas alimentares inteligentes,http://www.escali.com.br,escali.com.br,2024.2,São Paulo,Educação
Facilita,https://facilitaenem.com.br/,facilitaenem.com.br,2024.2,Rio Grande do Norte,Educação
Fêra,https://territoriosustentavel.org/,territoriosustentavel.org,2024.2,Alagoas,Tecnologias Sustentáveis e Verdes
Fitocrops Agroscience,https://linktr.ee/fitocrop_agro,linktr.ee,2024.2,Rio Grande do Sul,Agricultura
Flokia,http://www.flokia.com.br,flokia.com.br,2024.2,Espírito Santo,Varejo
Generatur,https://www.instagram.com/fugereurbemtbt?igsh=ZmV1OGo4MjExNnZ1,instagram.com,2024.2,Rio Grande do Sul,Turismo e Hotelaria
GESTÃO INTELIGENTE DAS FLORESTAS URBANAS/CTC FLORETAL,http://www.ctcsolucoesflorestais,ctcsolucoesflorestais,2024.2,Minas Gerais,Tecnologias Sustentáveis e Verdes
Gloube - Marketplace de viagens personalizadas,http://www.gloube.com,gloube.com,2024.2,São Paulo,Turismo e Hotelaria
GreenBug,https://www.greenbug.com.br,greenbug.com.br,2024.2,São Paulo,Preservação Ambiental
Hub EducAmaz - Educação Empreendedora na Amazônia,https://educamazempreende.wixsite.com/educamaz,educamazempreende.wixsite.com,2024.2,Pará,Educação
inPyro,https://www.instagram.com/in_pyro?igsh=MWI1ZnAwanlta3g3dQ==,instagram.com,2024.2,Paraíba,N/A
Íris Biotec,https://sites.google.com/view/irisbiotec,sites.google.com,2024.2,Pernambuco,Tecnologias Sustentáveis e Verdes
Kit Aerodinâmico,http://www.toigosa.com.br,toigosa.com.br,2024.2,Rio Grande do Sul,Automóveis
LAVAÍ,http://lavai.com.vc,lavai.com.vc,2024.2,São Paulo,Serviços domésticos
Litro de Luz Brasil,https://www.litrodeluz.com/,litrodeluz.com,2024.2,Amazonas,Energia
MAZODAN - Laboratório & Produtos Cimentícios,https://www.youtube.com/channel/UCIpwcxJK4MCuvEaBeKrU93w,youtube.com,2024.2,Amapá,Construção civil
Moradia Legal & Combo Rural: seu imóvel 100% regular,https://moradialegal.com.br/,moradialegal.com.br,2024.2,Bahia,Infraestrutura
Mulheres em Convergência,https://mulheresemconvergencia.com.br,mulheresemconvergencia.com.br,2024.2,Rio Grande do Sul,Outros serviços
Multidisciplinar 360,https://www.multidisciplinar360.com.br/,multidisciplinar360.com.br,2024.2,São Paulo,Educação
Natíz,https://natiz.com.br,natiz.com.br,2024.2,Santa Catarina,Turismo e Hotelaria
ParaCiclo,http://www.paraciclo.app,paraciclo.app,2024.2,São Paulo,Mobilidade Urbana
Planta Feliz,https://www.plantafelizadubo.com.br/,plantafelizadubo.com.br,2024.2,São Paulo,Tecnologias Sustentáveis e Verdes
Rancho,http://rancho.cc,rancho.cc,2024.2,Santa Catarina,Varejo
SmartHive,http://mercadodomel.me,mercadodomel.me,2024.2,Amazonas,Agronegócio
SustentaBEE Polinizando Experiências,http://www.sustentabee.com,sustentabee.com,2024.2,Santa Catarina,Preservação Ambiental
Synd,https://sites.google.com/view/synd-digital/home,sites.google.com,2024.2,São Paulo,Agronegócio
TECHNOSFERA,https://www.technosfera.com.br/,technosfera.com.br,2024.2,São Paulo,Saneamento
Teciteca & Teci,https://tecitecateci.lojavirtualnuvem.com.br/,tecitecateci.lojavirtualnuvem.com.br,2024.2,Espírito Santo,N/A
Tugani Cosméticos Veganos,http://www.tugani.com.br,tugani.com.br,2024.2,Mato Grosso,Cosméticos
VERUM BIOTECNOLOGIA,https://www.instagram.com/verumbiotecnologia,instagram.com,2024.2,Rio Grande do Sul,Agricultura
Virapuru Engenharia e Sustentabilidade LTDA,http://virapuru.com,virapuru.com,2024.2,Pará,Saneamento
Viverde Casa,http://www.viverdecasa.com/site,viverdecasa.com,2024.2,Pernambuco,Construção civil
Warux,https://www.instagram.com/waruxhealth,instagram.com,2024.2,Santa Catarina,Saúde
ABASTECENDO,http://www.abastecendo.com.br,abastecendo.com.br,2024.1,Rio Grande do Norte,Tecnologia da Informação e Comunicação
Afeto Natural,http://www.afetonatural.com.br,afetonatural.com.br,2024.1,São Paulo,Cosméticos
Agromais.Cloud,https://www.agromais.cloud/,agromais.cloud,2024.1,Amapá,Agronegócio
Agua Conectada,http://splora.com.br,splora.com.br,2024.1,Rio Grande do Sul,Saneamento
AlecrimVi Biocosmeticos,http://www.Alecrimvi.com.br,alecrimvi.com.br,2024.1,Minas Gerais,Cosméticos
Alertacar,https://alertacar.com.br,alertacar.com.br,2024.1,Rio Grande do Sul,Automóveis
Alliance Investimentos e Negócios Imobiliários Ltda,,,2024.1,São Paulo,Outros serviços
AMIGA PET,http://www.amigapet.com.br,amigapet.com.br,2024.1,São Paulo,Pet
Aquacerti,https://www.aquacerti.com.br/,aquacerti.com.br,2024.1,São Paulo,Agronegócio
Baasic,http://baasic.com.br,baasic.com.br,2024.1,Sergipe,Setor financeiro
Bidmex,https://www.bidmex.com.br/,bidmex.com.br,2024.1,Pernambuco,Serviços Logísticos
BIM app,https://bimapp.com.br/,bimapp.com.br,2024.1,Minas Gerais,Construção civil
BIOTEQUI,https://www.instagram.com/biotequibr?igsh=MTVoYzAyemF1ZGYwOQ==,instagram.com,2024.1,Piauí,Agronegócio
Casa AMABILITAR,https://www.linkedin.com/posts/kelly-marques-de-sousa-bontempo,linkedin.com,2024.1,Maranhão,Saúde
CASCALHO,http://cascalhokids.com.br/,cascalhokids.com.br,2024.1,Pernambuco,Educação
CashCoffee,http://www.cashcoffee.com.br,cashcoffee.com.br,2024.1,Pernambuco,Varejo
clapesme,http://www.clapesme.com.br,clapesme.com.br,2024.1,São Paulo,Tecnologia da Informação e Comunicação
Collection Center,https://www.collectioncenter.com.br/,collectioncenter.com.br,2024.1,Bahia,Setor financeiro
Comments,https://commentstech.com/,commentstech.com,2024.1,Sergipe,Marketing e Mídia
Compartilhe Saúde,https://hml.sejacompartilhe.com.br/,hml.sejacompartilhe.com.br,2024.1,Espírito Santo,Saúde
Comuniverso - Cultura de Comunicação Interna Positiva,http://www.comuniverso.com.br,comuniverso.com.br,2024.1,Santa Catarina,Educação
Controllei BPO Financeiro,https://controllei.com/,controllei.com,2024.1,Rondônia,Setor financeiro
De Carona Pelo Mundo,https://www.instagram.com/decaronapelomundo/,instagram.com,2024.1,São Paulo,Turismo e Hotelaria
Dentalcubic 3d Printer,http://www.dentalcubic3dprinter.com.br,dentalcubic3dprinter.com.br,2024.1,Rio de Janeiro,Saúde
DGTAX,https://www.dgtax.com.br/,dgtax.com.br,2024.1,Bahia,Setor financeiro
Dispositivo para Medir as Impurezas dos Combustíveis - DMIC,,,2024.1,Paraíba,Automóveis
DynamicFlow (DyFlow),https://lp.iform.online/,lp.iform.online,2024.1,Amapá,Tecnologia da Informação e Comunicação
Easy Ofertas,http://www.easyofertasapp.com.br,easyofertasapp.com.br,2024.1,Santa Catarina,Comércio Eletrônico
ELMO,http://www.elmosolution.com,elmosolution.com,2024.1,Paraíba,Alimentos
eMecânico,https://www.emecanico.com.br/,emecanico.com.br,2024.1,São Paulo,Automóveis
"EmpreendaRio, a Gestão Empresarial fácil para empreender",https://empreendario.com.br,empreendario.com.br,2024.1,Rio de Janeiro,Tecnologia da Informação e Comunicação
Evolutris,http://www.evolutris.com.br,evolutris.com.br,2024.1,São Paulo,Saúde
Finesse,http://finesse_on,finesse_on,2024.1,São Paulo,Cosméticos
Fishing Booking,https://fishingbooking.com.br/,fishingbooking.com.br,2024.1,Minas Gerais,Pesca
Flash Reader,https://www.instagram.com/flashreaderbr/,instagram.com,2024.1,Santa Catarina,Educação
Flowi,http://www.flowi.eco.br,flowi.eco.br,2024.1,Distrito Federal,Tecnologias Sustentáveis e Verdes
G&P Finanças para Mulheres Negras,https://gepfinancas.com.br,gepfinancas.com.br,2024.1,São Paulo,Setor financeiro
Gen&Vita,https://sites.google.com/view/gnv-biotech/home,sites.google.com,2024.1,São Paulo,Agronegócio
GIFT & LOVE,http://Giftlove.com.br,giftlove.com.br,2024.1,Amapá,Outros serviços
Global Touch,http://www.globaltouch.com.br,globaltouch.com.br,2024.1,Espírito Santo,Outros serviços
Gubi Tecnologia Educacional,https://gubi.com.br/,gubi.com.br,2024.1,São Paulo,Educação
Hedera,https://instagram.com/app.hedera,instagram.com,2024.1,Minas Gerais,Saúde
HelpCars,https://helpcars.com.br,helpcars.com.br,2024.1,São Paulo,Automóveis
HRmione,https://bento.me/hrmione,bento.me,2024.1,Maranhão,Recursos Humanos
Huri,https://www.hurihouse.com/,hurihouse.com,2024.1,São Paulo,Mercado Imobiliário
IA Explica/S3 Tecnologia,https://iaexplica.com.br/,iaexplica.com.br,2024.1,Amapá,Tecnologia da Informação e Comunicação
Inko Criativo,https://www.inkocriativo.com/,inkocriativo.com,2024.1,Rio de Janeiro,Educação
Intlet,https://intlet.app/,intlet.app,2024.1,Paraná,Eventos
IZZA,http://www.izzaweb.com.br,izzaweb.com.br,2024.1,Rio Grande do Sul,Varejo
Jacarandá Tijolos Ecológicos,http://jacarandatijoloecologico.com.br,jacarandatijoloecologico.com.br,2024.1,Bahia,Construção civil
Jobia,http://www.jobia.co,jobia.co,2024.1,Bahia,Recursos Humanos
KONNE,https://konnenetwork.com/,konnenetwork.com,2024.1,São Paulo,Tecnologia da Informação e Comunicação
Letter,http://www.letter.app.br,letter.app.br,2024.1,Minas Gerais,Setor financeiro
LIbrattum inteligência financeira,http://www.librattum.com.br,librattum.com.br,2024.1,Santa Catarina,Setor financeiro
LiciteGov,http://www.licitegov.com.br,licitegov.com.br,2024.1,Alagoas,Gestão Pública
Lumitz | Educação Empreendedora,https://linktr.ee/sejalumitz,linktr.ee,2024.1,Pernambuco,Educação
Madiba Pet,http://www.madibapet.com.br,madibapet.com.br,2024.1,São Paulo,Pet
Mapping Me,https://mappingme.ai/,mappingme.ai,2024.1,Rio Grande do Sul,Recursos Humanos
MarQ.,https://marqponto.com.br/,marqponto.com.br,2024.1,Paraná,Recursos Humanos
Match Jobs,https://www.matchjobsonline.com/,matchjobsonline.com,2024.1,Minas Gerais,Recursos Humanos
Matech,https://www.linkedin.com/company/matech-solution/,linkedin.com,2024.1,Pernambuco,Outros serviços
Medical AI - App de recomendação para prescrição médica,http://www.medicalai.com.br,medicalai.com.br,2024.1,Santa Catarina,Saúde
Megalo Educação Digital em Saúde,https://portalmegalo.com.br/,portalmegalo.com.br,2024.1,Rio de Janeiro,Saúde
Moradia Legal - seu imóvel urbano ou rural 100% reguolar,https://moradialegal.com.br/,moradialegal.com.br,2024.1,Bahia,Mercado Imobiliário
Mundo do Código,https://www.mundodocodigo.com.br/,mundodocodigo.com.br,2024.1,Minas Gerais,Educação
My Journey Tecnologia da Informação LTDA,https://myjourney.com.br,myjourney.com.br,2024.1,São Paulo,Saúde
Netcred Meios de Pagamento,https://netcredbrasil.com.br,netcredbrasil.com.br,2024.1,Santa Catarina,Setor financeiro
New Forte Saúde,http://Newfortesaude,newfortesaude,2024.1,Amapá,Saúde
Nossobb,http://www.nossobb.com.br,nossobb.com.br,2024.1,Espírito Santo,Outros serviços
NUMYY LOGTECH,http://NUMYYY.COM.BR,numyyy.com.br,2024.1,Minas Gerais,Serviços Logísticos
Nuprego Tecnologia,https://nuprego.com/,nuprego.com,2024.1,Amazonas,Automóveis
OBRAZAP,https://obrazap.com/,obrazap.com,2024.1,Goiás,Setor financeiro
Pagaíou Serviços Financeiros,https://pagaiou.com.br/,pagaiou.com.br,2024.1,Mato Grosso do Sul,Setor financeiro
PÉD' AÇAÍ MARKETPLACE,https://www.xn--pediaai-yxa.com.br/,xn--pediaai-yxa.com.br,2024.1,Amapá,Agronegócio
PERSONAL FIT,https://apppersonalfit.com.br/ig,apppersonalfit.com.br,2024.1,Goiás,Saúde
PETIAU,http://www.petiau.pet,petiau.pet,2024.1,Paraná,Pet
planttcê,http://www.planttce.com.br,planttce.com.br,2024.1,Paraná,Agronegócio
PortasPsi,https://beacons.ai/portas,beacons.ai,2024.1,Pernambuco,Saúde
"Predator Sports - Desempenho no atleta, precisão no esporte",https://www.linkedin.com/company/predator-sports/,linkedin.com,2024.1,Rio de Janeiro,Outros serviços
PROTEGE QUIMICA - COMERCIO DE EPIS LTDA,http://www.instagram.com/protegequimica?igsh=eXFmNnE5ajJ6eThu,instagram.com,2024.1,Rio Grande do Sul,Agricultura
Rastrobot,http://rastrobot.com/,rastrobot.com,2024.1,Espírito Santo,Mineração e metalurgia
RedCheck,https://redcheck.com.br/,redcheck.com.br,2024.1,Goiás,Saúde
Registra Contratos,https://www.registracontratos.com.br/,registracontratos.com.br,2024.1,Goiás,Jurídico
Rookie Music,https://www.rookieapp.com.br/,rookieapp.com.br,2024.1,São Paulo,Eventos
Ryd,http://ryd.com.br,ryd.com.br,2024.1,Minas Gerais,Serviços Logísticos
Serviço Fácil,http://www.servicofacil.com,servicofacil.com,2024.1,Pernambuco,Serviços domésticos
Seven Pesquisa e Estatísticas,https://www.instagram.com/sevenestatistica/,instagram.com,2024.1,Santa Catarina,Tecnologia da Informação e Comunicação
Smart E-tag,http://fabrasoftware.com.br,fabrasoftware.com.br,2024.1,Paraná,Tecnologia da Informação e Comunicação
Solução em secagem-transformação de lodo em biofertilizante,https://comercianteweb.com.br/gv/,comercianteweb.com.br,2024.1,Goiás,Saneamento
STARTLAW,http://THESTARTLAW.COM,thestartlaw.com,2024.1,Paraná,Jurídico
Suprimentes Aceleradora de Resultados,http://www.suprimentes.com.br,suprimentes.com.br,2024.1,São Paulo,Educação
Ta de Clinicagem,https://www.tadeclinicagem.com.br/,tadeclinicagem.com.br,2024.1,São Paulo,Saúde
Tô Na Roça App,,,2024.1,São Paulo,Agronegócio
Trackid ASSET MANAGEMENT 4.0,http://www.infraid.com.br,infraid.com.br,2024.1,São Paulo,Tecnologia da Informação e Comunicação
TRADING FOOD,https://www.tradingfood.com.br/,tradingfood.com.br,2024.1,Paraná,Alimentício
Tratamento de cárie sem uso da broca/AG3 P&D,,,2024.1,Pernambuco,Saúde
Treino Vip,https://www.treinovip.com.br/treinovip,treinovip.com.br,2024.1,Rio de Janeiro,Saúde
UCloset,http://ucloset.net,ucloset.net,2024.1,Amazonas,Comércio Eletrônico
vendorup,http://www.vendorup.co,vendorup.co,2024.1,São Paulo,Eventos
Venn Metrics,https://venn.com.br/,venn.com.br,2024.1,São Paulo,Setor financeiro
Virtutis Energy,https://www.virtutisenergy.com/,virtutisenergy.com,2024.1,Ceará,Energia
Viver+,,,2024.1,Bahia,Saúde
Vivmais Saúde & Longevidade,http://www.vivmais.com.br,vivmais.com.br,2024.1,São Paulo,Saúde
"VRX - ""Experiência na Realidade Virtual""",,,2024.1,Minas Gerais,Varejo
YAAD,https://meellostudio.com.br/,meellostudio.com.br,2024.1,São Paulo,Educação
Yapuana,https://yapuana.com/,yapuana.com,2024.1,Rio de Janeiro,Tecnologias Sustentáveis e Verdes
YouCreator,https://www.youcreator.com.br/,youcreator.com.br,2024.1,Amapá,Construção civil
YouWe,http://www.youwe.com.br,youwe.com.br,2024.1,Rio Grande do Sul,Recursos Humanos
ZCARBON - Soluções para Descarbonização,https://www.instagram.com/zcarbon_/,instagram.com,2024.1,Maranhão,Preservação Ambiental
zeroAI,http://zeroai.com.br,zeroai.com.br,2024.1,Santa Catarina,Marketing e Mídia
Álibidavez,https://www.instagram.com/alibidavez/,instagram.com,2024.1,Distrito Federal,Vestuário
Amazon Bioprotein,https://www.instagram.com/amznbioprotein/,instagram.com,2024.1,Amapá,Alimentos
BLUEC,https://www.instagram.com/bluec_ocean/,instagram.com,2024.1,Ceará,Agricultura
BOTSMAKER - INSTITUTO PENSAR E CRIAR,http://www.institutopensarecriar.com.br,institutopensarecriar.com.br,2024.1,Rio de Janeiro,Educação
Cais Impactaê,https://www.impactae.org/2024,impactae.org,2024.1,Bahia,Educação
CARVÃO DE AÇAÍ,https://www.instagram.com/carvao_acai?igsh=czhxeXVqbm9haHNt&utm_source=qr,instagram.com,2024.1,Amapá,Preservação Ambiental
Casgen Biotecnologia em Mudas,http://www.casgenbiotecnologia.com,casgenbiotecnologia.com,2024.1,Rio de Janeiro,Agricultura
CIPÓ,https://www.ciposolutions.com/,ciposolutions.com,2024.1,São Paulo,Tecnologia da Informação e Comunicação
Cocais Tech,https://www.instagram.com/p/C3C4_lSOVU8/?igsh=MTMwa3lvY3A5aG1raA==,instagram.com,2024.1,Maranhão,Tecnologias Sustentáveis e Verdes
Compre consciente,http://www.compreconsciente.com.br,compreconsciente.com.br,2024.1,São Paulo,Comércio Físico
Connect Carbon,https://connectcarbon.com.br/,connectcarbon.com.br,2024.1,Santa Catarina,Preservação Ambiental
daNatureza Produtos Biodegradáveis,https://instagram.com/__danatureza?igshid=1afktiud9832q,instagram.com,2024.1,São Paulo,Agronegócio
DINAM,http://www.dinam.com.br,dinam.com.br,2024.1,Pará,Alimentos
Drop Intermediação de Serviços Ltda.,https://www.instagram.com/drop.eco.br?igsh=MWhoZ2Q0bGx6a2Jjag==,instagram.com,2024.1,Espírito Santo,Automóveis
ecaves brasil,http://www.ecavesbrasil.com.br,ecavesbrasil.com.br,2024.1,Paraná,Turismo e Hotelaria
Eco.Cities,https://www.instagram.com/ecologica.residuos/,instagram.com,2024.1,Amapá,Saneamento
Ecoama Greentech,https://ecoama.eco/,ecoama.eco,2024.1,Rio de Janeiro,Cosméticos
EcoBanho,,,2024.1,São Paulo,Energia
EcoBio Microalgas,,,2024.1,Rio Grande do Sul,Agronegócio
Ecra Sustentabilidade Urbana / DogGrama,http://ecrasustentabilidadeurbana.com.br,ecrasustentabilidadeurbana.com.br,2024.1,São Paulo,Preservação Ambiental
FisioPelvis Mulher,https://www.instagram.com/fisiopelvismulher/,instagram.com,2024.1,Rio de Janeiro,Saúde
Green Balance (Twinmate),https://www.twinmate.io/,twinmate.io,2024.1,São Paulo,Tecnologias Sustentáveis e Verdes
Green Colors,https://www.instagram.com/tintasgreencolors/,instagram.com,2024.1,Amapá,Construção civil
Greenneat limpeza sustentável,http://www.greenneat.eco.br,greenneat.eco.br,2024.1,São Paulo,Tecnologias Sustentáveis e Verdes
Hambis - hábitos ambientais,http://hambis.com.br,hambis.com.br,2024.1,Goiás,Preservação Ambiental
Hbaw,http://www.hbaw.com.br,hbaw.com.br,2024.1,São Paulo,Saúde
IDA - INTELIGÊNCIA DE DESLOCAMENTO E ACESSO,https://www.idameguia.com.br/,idameguia.com.br,2024.1,Rio Grande do Sul,Turismo e Hotelaria
iMicro-Biotech: biotecnologia para agricultura,https://www.instagram.com/imicrobiotech?igsh=dG10NWhydGg0d3E5,instagram.com,2024.1,Rio de Janeiro,Agronegócio
Innovaeco,https://www.instagram.com/_innovaeco_/,instagram.com,2024.1,Maranhão,Tecnologias Sustentáveis e Verdes
IRIS,https://www.linkedin.com/company/iris-ness/,linkedin.com,2024.1,Santa Catarina,Preservação Ambiental
M2D1 Biossegurança - FS 22 Sustentabilidade Agroalimentar,https://www.linkedin.com/company/m2d1/?viewAsMember=true,linkedin.com,2024.1,São Paulo,Alimentos
Mais Value,https://maisvalue.com,maisvalue.com,2024.1,Alagoas,Agronegócio
Mamãe Pingo: inspiração para o jeito materno de cuidar,http://mamaepingo.com.br,mamaepingo.com.br,2024.1,Goiás,Saúde
Mangue Tech,http://mangue.tech,mangue.tech,2024.1,São Paulo,Tecnologia da Informação e Comunicação
MAZODAN Laboratório e Produtos Cimenticios,https://mazodan-mzd.blogspot.com/,mazodan-mzd.blogspot.com,2024.1,Amapá,Construção civil
monai,http://monai.com.br,monai.com.br,2024.1,Espírito Santo,Comércio Físico
Naturall do Brasil,http://www.naturall.com.br,naturall.com.br,2024.1,São Paulo,Alimentos
Neural Energia,https://www.neural-energia.com/,neural-energia.com,2024.1,Santa Catarina,Energia
Oficina HQ Ação Cultural,http://www.facebook.com/oficinahqoficial,facebook.com,2024.1,Bahia,Artes e Cultura
OTOH Monitoramento Sonoro,https://www.otoh.com.br/,otoh.com.br,2024.1,São Paulo,Outros serviços
PonTEA,,,2024.1,São Paulo,Saúde
REATTO Ambiental,http://www.reattoambiental.com,reattoambiental.com,2024.1,Santa Catarina,Tecnologias Sustentáveis e Verdes
Recickla,http://www.recickla.com.br,recickla.com.br,2024.1,Rio de Janeiro,Educação
Siaa,,,2024.1,Minas Gerais,Varejo
Sinclus,https://www.facebook.com/sinclusbr,facebook.com,2024.1,Ceará,Educação
Sistêmica Kovê Ltda.,https://www.facebook.com/sistemicakove/,facebook.com,2024.1,Mato Grosso do Sul,Agronegócio
Smart imobi,http://www.smartimobi.com.br,smartimobi.com.br,2024.1,São Paulo,Mercado Imobiliário
S'Obra - O brechó da sua obra,http://sobrasdaobra.com.br,sobrasdaobra.com.br,2024.1,Paraná,Construção civil
Teachbot programar brincando,,,2024.1,São Paulo,Educação
Tico e Tica Sensory,http://Www.ticoeticasensory.com.br,ticoeticasensory.com.br,2024.1,Paraná,Vestuário
Tudo Campo,https://tudocampo.com.br/,tudocampo.com.br,2024.1,Goiás,Agronegócio
WebBula - Produtos e Serviços em Tecnologia da Informação,https://www.webbula.com.br/inicio,webbula.com.br,2024.1,Paraná,Saúde
Yom Kids,http://www.yomkids.com,yomkids.com,2024.1,São Paulo,Educação
