name,domain,dealroom_url,matched_name,hq_country,cohort
Abaccus Decision,abaccus.com.br,https://app.dealroom.co/companies/abaccus_1,Abaccus,Brazil,2025.1
Acelera Dados Prospecção Inteligente B2B,aceleradados.com.br,https://app.dealroom.co/companies/acelera_dados,Acelera Dados,Brazil,2025.1
Agile Healthtech,agilehealth.tech,https://app.dealroom.co/companies/agile_healthtech,Agile Healthtech,,2025.1
AIOTI Tecnologia,aioti.com.br,https://app.dealroom.co/companies/aioti_tecnologia_a,Aioti Tecnologia A,Brazil,2025.1
Alga,alga.earth,https://app.dealroom.co/companies/alga_2,Alga,Brazil,2025.1
Calcme,calcme.com.br,https://app.dealroom.co/companies/calcme_,Calcme,Brazil,2025.1
COFT,coft.com.br,https://app.dealroom.co/companies/coft,Coft,,2025.1
Daisee,daisee.io,https://app.dealroom.co/companies/daisee_1,DAISEE,Brazil,2025.1
Flowup,flowup.me,https://app.dealroom.co/companies/flowup,Flowup,Brazil,2025.1
Girx,xgoal360.com.br,https://app.dealroom.co/companies/xgoal_360_ai,XGOAL 360 AI,Brazil,2025.1
IANOVAR - ATIVE O FUTURO INOVA SIMPLES (I.S.),ianovar.com.br,https://app.dealroom.co/companies/ianovar,Ianovar,Brazil,2025.1
ICONECTE,iconecte.com,https://app.dealroom.co/companies/iconecte,Iconecte,,2025.1
seuManualPRO,seumanualpro.com,https://app.dealroom.co/companies/seumanualpro,Seumanualpro,,2025.1
Eco.InPact,ecoinpact.com,https://app.dealroom.co/companies/eco_in_pact_technology_and_sustainability,Eco In Pact Technology and Sustainability,Brazil,2025.1
ESGpec,esgpec.com.br,https://app.dealroom.co/companies/esgpec,ESGPec,Brazil,2025.1
Founders Club,foundersclub.com.br,https://app.dealroom.co/companies/founders_club_,Founders Club,Brazil,2025.1
Maglumni Industria e Comércio Ltda,maglumni.com.br,https://app.dealroom.co/companies/maglumni,Maglumni,,2025.1
Sanapp Gestão Inteligente de Ativos de Saneamento,geosanapp.com.br,https://app.dealroom.co/companies/sanapp,Sanapp,Brazil,2025.1
Sandora,sandora.me,https://app.dealroom.co/companies/sandora_,Sandora,Brazil,2025.1
Aprova AI,aprova-ai.com,https://app.dealroom.co/companies/aprova_ai,Aprova Ai,,2024.2
BIZEUS,bizeus.com,https://app.dealroom.co/companies/bizeus,Bizeus,,2024.2
BLUE RISE HEALTH TECH,bluerisegroup.com.br,https://app.dealroom.co/companies/blue_rise_group,Blue Rise Group,Brazil,2024.2
Carreirafit.com,carreirafit.com,https://app.dealroom.co/companies/carreirafitcom,Carreirafitcom,,2024.2
Clínica Experts,clinicaexperts.com.br,https://app.dealroom.co/companies/cl_nica_experts,Clínica Experts,Brazil,2024.2
COFT,coft.com.br,https://app.dealroom.co/companies/coft,Coft,,2024.2
CoProdux,coprodux.com,https://app.dealroom.co/companies/coprodux_a_plataforma_do_social_media,CoProdux | A Plataforma do Social Media,Brazil,2024.2
Didati,didati.com.br,https://app.dealroom.co/companies/didati_from_pdm_desenvolvimento_de_sistemas,Didati from PDM Desenvolvimento de Sistemas,Brazil,2024.2
eevento Brasil,eevento.com.br,https://app.dealroom.co/companies/eevento_brasil,EEVENTO BRASIL,Brazil,2024.2
Entre Nuvens,entrenuvens.com,https://app.dealroom.co/companies/entre_nuvens,Entre Nuvens,,2024.2
Green Technology & Toxicology for Green Business (BISPORA),bispora.com.br,https://app.dealroom.co/companies/bispora,Bispora,Brazil,2024.2
GUMPee,gumpee.com.br,https://app.dealroom.co/companies/gumpee,Gumpee,,2024.2
Implantação de Consultório Volante de Podiatria Clínica,i9nursing.com.br,https://app.dealroom.co/companies/i9nursing,I9NURSING,Brazil,2024.2
Investeendo,investeendo.com,https://app.dealroom.co/companies/investeendo,iNVESTeeNDO,Brazil,2024.2
Letzee,letzee.ai,https://app.dealroom.co/companies/letzee,Letzee,Brazil,2024.2
Mercado Net Zero,leaf4all.com,https://app.dealroom.co/companies/leaf4all,Leaf4All,Brazil,2024.2
Naga.ia,nagaia.com.br,https://app.dealroom.co/companies/naga_ia,Naga IA,Brazil,2024.2
NautiX Hub,nautixhub.com,https://app.dealroom.co/companies/nautix_hub,Nautix Hub,,2024.2
OFF GRID martech,offgridmartech.com.br,https://app.dealroom.co/companies/ingrid_andrade_de_aguiar_03939802271,Ingrid Andrade De Aguiar 03939802271,Brazil,2024.2
OLT CLOUD,oltcloud.co,https://app.dealroom.co/companies/olt_cloud_1,Olt Cloud,,2024.2
Recrutadora.AI,recrutadora.ai,https://app.dealroom.co/companies/recrutadoraai,RecrutadoraAI,Brazil,2024.2
Sagui.AI,sagui.ai,https://app.dealroom.co/companies/sagui_ai,Sagui.AI,Brazil,2024.2
Sappens,sappens.com.br,https://app.dealroom.co/companies/sappens,Sappens,Brazil,2024.2
Simplidados,simplidados.com.br,https://app.dealroom.co/companies/simplidados,Simplidados,,2024.2
Statsales,statsales.com.br,https://app.dealroom.co/companies/statsales,Statsales,Brazil,2024.2
Whizr,whizr.app,https://app.dealroom.co/companies/whizr,Whizr,Brazil,2024.2
Atena ESG,atenaesg.eco.br,https://app.dealroom.co/companies/atena_esg,Atena Esg,,2024.2
BioCorp Soluções Ambientais,biocorpsolucoesambientais.com.br,https://app.dealroom.co/companies/biocorp_solu_es_ambientais,BioCorp Soluções Ambientais,Brazil,2024.2
Biofábrica do ácaro predador Phytoseiulus macropilis,marvelapp.com,https://app.dealroom.co/companies/marvel,Marvel,United Kingdom,2024.2
Compras Do Meu Jeito,comprasdomeujeito.com,https://app.dealroom.co/companies/compras_do_meu_jeito,Compras Do Meu Jeito,Brazil,2024.2
CORRE.SOCIAL,corre.social,https://app.dealroom.co/companies/corresocial,Corresocial,,2024.2
Dana agro,danaagro.com,https://app.dealroom.co/companies/dana_agro,Dana Agro,Brazil,2024.2
Green Franquias,yougreen.coop,https://app.dealroom.co/companies/yougreen,YouGreen,Brazil,2024.2
Heelpy Tecnologia,heelpy.com.br,https://app.dealroom.co/companies/heelpy_tecnologia,Heelpy Tecnologia,,2024.2
Ineeds Systems,ineeds.com.br,https://app.dealroom.co/companies/ineeds_com_br,ineeds.com.br,Brazil,2024.2
IpiCred,ipicred.com.br,https://app.dealroom.co/companies/ipicred,Ipicred,,2024.2
Leveyou,leveyou.com.br,https://app.dealroom.co/companies/leveyou,Leveyou,Brazil,2024.2
Next Coders,nextcoders.com.br,https://app.dealroom.co/companies/next_coders_school,Next Coders School,,2024.2
Vister,vister.com.br,https://app.dealroom.co/companies/vister_1,Vister,Brazil,2024.2
Wood Chat,woodchat.com.br,https://app.dealroom.co/companies/wood_chat,Wood Chat,Brazil,2024.2
Yágua Monitoramento,yagua.com.br,https://app.dealroom.co/companies/yagua_com_br,yagua.com.br,,2024.2
Anydocs,anydocsai.com.br,https://app.dealroom.co/companies/anydocs_1,Anydocs,,2024.1
Bloqueio Digital - salvando vidas na indústria.,inspeasy.com,https://app.dealroom.co/companies/inspeasy_solu_es_e_comercio,Inspeasy Soluções e comércio,Brazil,2024.1
Cambui Online,cambuionline.com,https://app.dealroom.co/companies/cambu_online,Cambuí Online,Brazil,2024.1
Carbono Certo,thingsgo.online,https://app.dealroom.co/companies/thingsgo_online,ThingsGo.Online,Brazil,2024.1
Ego Tecnologia e Mediação na Saúde Mental - Ego2Save,ego2save.com,https://app.dealroom.co/companies/ego_technology_and_mediation_on_mental_health,Ego Technology and Mediation on Mental Health,Brazil,2024.1
Expandify,expandify.com.br,https://app.dealroom.co/companies/expandify,Expandify,Brazil,2024.1
Faço a Conta,facoaconta.com.br,https://app.dealroom.co/companies/fa_o_a_conta,Faço A Conta,,2024.1
Hapy,hapy.com.br,https://app.dealroom.co/companies/hapy_1,Hapy,,2024.1
Hubee design,hubee.co,https://app.dealroom.co/companies/hubee_design,Hubee Design,Brazil,2024.1
Humano3D,humano3d.com.br,https://app.dealroom.co/companies/nexo_tecnologia,NEXO Tecnologia,Brazil,2024.1
INova Contrato,inovacontrato.com.br,https://app.dealroom.co/companies/inova_contrato,Inova Contrato,,2024.1
Labnow,labnow.com.br,https://app.dealroom.co/companies/labnow_,LabNow,Brazil,2024.1
Lunatic Monkey,lunaticmonkey.com,https://app.dealroom.co/companies/lunaticmonkey,Lunatic Monkey,Brazil,2024.1
MAIS SOLIDÁRIO PROGRAMAS EDUCACIONAIS,maissolidario.com.br,https://app.dealroom.co/companies/mais_solid_rio_bolsa_de_estudos,Mais Solidário Bolsa de Estudos,Brazil,2024.1
MedEOR Medtech,medeor.cc,https://app.dealroom.co/companies/medeor_medtech,MedEOR Medtech,Brazil,2024.1
Medme,medme.care,https://app.dealroom.co/companies/medme_1,Medme,Brazil,2024.1
Meliva.ai,meliva.ai,https://app.dealroom.co/companies/meliva_ai,Meliva.ai,Brazil,2024.1
Meta Safety,metasafety.com.br,https://app.dealroom.co/companies/metasafety,Metasafety,,2024.1
Openi,openi.com.br,https://app.dealroom.co/companies/openi_1,Openi,Brazil,2024.1
Peplus,peplus.me,https://app.dealroom.co/companies/nicolas_bretagne,Nicolas Bretagne,,2024.1
Trilha do Aprendiz,trilhadoaprendiz.com,https://app.dealroom.co/companies/trilha_do_aprendiz,Trilha Do Aprendiz,,2024.1
Trip Evolved,tripevolved.com.br,https://app.dealroom.co/companies/tripevolved,Tripevolved,Brazil,2024.1
Updairy,updairy.co,https://app.dealroom.co/companies/updairy,Updairy,Brazil,2024.1
Vélos Edu,velosedu.com,https://app.dealroom.co/companies/velos_2,Vélos,Brazil,2024.1
Box24x7,box24x7.com,https://app.dealroom.co/companies/box24x7,Box24x7,Brazil,2024.1
Diversa.bio,diversa.bio,https://app.dealroom.co/companies/diversa_bio,Diversa.Bio,Iceland,2024.1
e.feito Social,efeito.social,https://app.dealroom.co/companies/e_feito_social,e.feito Social,Brazil,2024.1
FitoFit,fitofithealth.com.br,https://app.dealroom.co/companies/fitofithealth,Fitofithealth,,2024.1
GUMPee,gumpee.com.br,https://app.dealroom.co/companies/gumpee,Gumpee,,2024.1
interativaMente,interativamente.com,https://app.dealroom.co/companies/interativamente,Interativamente,Brazil,2024.1
Lacrei Saúde,lacreisaude.com.br,https://app.dealroom.co/companies/lacrei_sa_de,Lacrei Saúde,Brazil,2024.1
LifeTime Pesquisa Clínica,lifetimepc.com.br,https://app.dealroom.co/companies/lifetime_pesquisa_clinica_a,Lifetime Pesquisa Clinica A,Brazil,2024.1
Telite,telite.com.br,https://app.dealroom.co/companies/telhas_telite,Telhas Telite,Brazil,2024.1
Trindtech,trindtech.com.br,https://app.dealroom.co/companies/trindtech,Trindtech,Brazil,2024.1
Ujamaatech,ujamaatech.com,https://app.dealroom.co/companies/ujamaatech,Ujamaatech,Brazil,2024.1
